Assessment Name,URL,Remote Testing Support,Adaptive/IRT Support,Duration,Test Type
Global Skills Development Report,https://www.shl.com/solutions/products/product-catalog/view/global-skills-development-report/,Yes,No,Not given,A E B C D P
.NET Framework 4.5,https://www.shl.com/solutions/products/product-catalog/view/net-framework-4-5/,Yes,Yes,30,K
.NET MVC (New),https://www.shl.com/solutions/products/product-catalog/view/net-mvc-new/,Yes,No,17,K
.NET MVVM (New),https://www.shl.com/solutions/products/product-catalog/view/net-mvvm-new/,Yes,No,5,K
.NET WCF (New),https://www.shl.com/solutions/products/product-catalog/view/net-wcf-new/,Yes,No,11,K
.NET WPF (New),https://www.shl.com/solutions/products/product-catalog/view/net-wpf-new/,Yes,No,9,K
.NET XAML (New),https://www.shl.com/solutions/products/product-catalog/view/net-xaml-new/,Yes,No,5,K
Accounts Payable (New),https://www.shl.com/solutions/products/product-catalog/view/accounts-payable-new/,Yes,No,9,K
Accounts Payable Simulation (New),https://www.shl.com/solutions/products/product-catalog/view/accounts-payable-simulation-new/,Yes,No,8,S
Accounts Receivable (New),https://www.shl.com/solutions/products/product-catalog/view/accounts-receivable-new/,Yes,No,13,K
Accounts Receivable Simulation (New),https://www.shl.com/solutions/products/product-catalog/view/accounts-receivable-simulation-new/,Yes,No,8,S
ADO.NET (New),https://www.shl.com/solutions/products/product-catalog/view/ado-net-new/,Yes,No,10,K
Adobe Experience Manager (New),https://www.shl.com/solutions/products/product-catalog/view/adobe-experience-manager-new/,Yes,No,17,K
Adobe Photoshop CC,https://www.shl.com/solutions/products/product-catalog/view/adobe-photoshop-cc/,Yes,Yes,20,K
Aeronautical Engineering (New),https://www.shl.com/solutions/products/product-catalog/view/aeronautical-engineering-new/,Yes,No,10,K
Aerospace Engineering (New),https://www.shl.com/solutions/products/product-catalog/view/aerospace-engineering-new/,Yes,No,10,K
Agile Software Development,https://www.shl.com/solutions/products/product-catalog/view/agile-software-development/,Yes,No,7,K
Agile Testing (New),https://www.shl.com/solutions/products/product-catalog/view/agile-testing-new/,Yes,No,13,K
AI Skills,https://www.shl.com/solutions/products/product-catalog/view/ai-skills/,Yes,No,16,P
Amazon Web Services (AWS) Development (New),https://www.shl.com/solutions/products/product-catalog/view/amazon-web-services-aws-development-new/,Yes,No,6,K
Android Development (New),https://www.shl.com/solutions/products/product-catalog/view/android-development-new/,Yes,No,7,K
Angular 6 (New),https://www.shl.com/solutions/products/product-catalog/view/angular-6-new/,Yes,No,11,K
AngularJS (New),https://www.shl.com/solutions/products/product-catalog/view/angularjs-new/,Yes,No,9,K
Apache Hadoop (New),https://www.shl.com/solutions/products/product-catalog/view/apache-hadoop-new/,Yes,No,7,K
Apache Hadoop Extensions (New),https://www.shl.com/solutions/products/product-catalog/view/apache-hadoop-extensions-new/,Yes,No,9,K
Apache HBase (New),https://www.shl.com/solutions/products/product-catalog/view/apache-hbase-new/,Yes,No,5,K
Apache Hive (New),https://www.shl.com/solutions/products/product-catalog/view/apache-hive-new/,Yes,No,5,K
Apache Kafka (New),https://www.shl.com/solutions/products/product-catalog/view/apache-kafka-new/,Yes,No,6,K
Apache Pig (New),https://www.shl.com/solutions/products/product-catalog/view/apache-pig-new/,Yes,No,6,K
Apache Spark (New),https://www.shl.com/solutions/products/product-catalog/view/apache-spark-new/,Yes,No,8,K
ASP .NET with C# (New),https://www.shl.com/solutions/products/product-catalog/view/asp-net-with-c-new/,Yes,No,13,K
ASP.NET 4.5,https://www.shl.com/solutions/products/product-catalog/view/asp-net-4-5/,Yes,Yes,30,K
Assessment and Development Center Exercises,https://www.shl.com/solutions/products/product-catalog/view/assessment-and-development-center-exercises/,Yes,No,Variable,E
Automata - Fix (New),https://www.shl.com/solutions/products/product-catalog/view/automata-fix-new/,Yes,No,20,S
Automata - SQL (New),https://www.shl.com/solutions/products/product-catalog/view/automata-sql-new/,Yes,No,30,S
Automata (New),https://www.shl.com/solutions/products/product-catalog/view/automata-new/,Yes,No,45,S
Automata Data Science (New),https://www.shl.com/solutions/products/product-catalog/view/automata-data-science-new/,Yes,No,60,S
Automata Data Science Pro (New),https://www.shl.com/solutions/products/product-catalog/view/automata-data-science-pro-new/,Yes,No,60,S
Automata Front End,https://www.shl.com/solutions/products/product-catalog/view/automata-front-end/,Yes,No,30,S
Automata Pro (New),https://www.shl.com/solutions/products/product-catalog/view/automata-pro-new/,Yes,No,60,S
Automata Selenium,https://www.shl.com/solutions/products/product-catalog/view/automata-selenium/,Yes,No,60,S
Automation Anywhere RPA Development (New),https://www.shl.com/solutions/products/product-catalog/view/automation-anywhere-rpa-development-new/,Yes,No,8,K
Automotive Engineering (New),https://www.shl.com/solutions/products/product-catalog/view/automotive-engineering-new/,Yes,No,13,K
Basic Biology (New),https://www.shl.com/solutions/products/product-catalog/view/basic-biology-new/,Yes,No,6,K
Basic Computer Literacy (Windows 10) (New),https://www.shl.com/solutions/products/product-catalog/view/basic-computer-literacy-windows-10-new/,Yes,No,30,S K
Basic Statistics (New),https://www.shl.com/solutions/products/product-catalog/view/basic-statistics-new/,Yes,No,10,K
Biochemistry (New),https://www.shl.com/solutions/products/product-catalog/view/biochemistry-new/,Yes,No,8,K
Biotech Lab Techniques (New),https://www.shl.com/solutions/products/product-catalog/view/biotech-lab-techniques-new/,Yes,No,5,K
BizTalk (New),https://www.shl.com/solutions/products/product-catalog/view/biztalk-new/,Yes,No,16,K
Business Communication (adaptive),https://www.shl.com/solutions/products/product-catalog/view/business-communication-adaptive/,Yes,Yes,24,K
Business Communications,https://www.shl.com/solutions/products/product-catalog/view/business-communications/,Yes,No,35,K
C Programming (New),https://www.shl.com/solutions/products/product-catalog/view/c-programming-new/,Yes,No,10,K
C# Programming (New),https://www.shl.com/solutions/products/product-catalog/view/c-programming-new-4039/,Yes,No,9,K
C++ Programming (New),https://www.shl.com/solutions/products/product-catalog/view/c-programming-new-4122/,Yes,No,10,K
Cardiology and Diabetes Management (New),https://www.shl.com/solutions/products/product-catalog/view/cardiology-and-diabetes-management-new/,Yes,No,4,K
Ceramic Engineering (New),https://www.shl.com/solutions/products/product-catalog/view/ceramic-engineering-new/,Yes,No,12,K
Chemical Engineering (New),https://www.shl.com/solutions/products/product-catalog/view/chemical-engineering-new/,Yes,No,13,K
Cisco AppDynamics (New),https://www.shl.com/solutions/products/product-catalog/view/cisco-appdynamics-new/,Yes,No,9,K
Civil Engineering (New),https://www.shl.com/solutions/products/product-catalog/view/civil-engineering-new/,Yes,No,10,K
Cloud Computing (New),https://www.shl.com/solutions/products/product-catalog/view/cloud-computing-new/,Yes,No,8,K
COBOL Programming (New),https://www.shl.com/solutions/products/product-catalog/view/cobol-programming-new/,Yes,No,10,K
Computer Science (New),https://www.shl.com/solutions/products/product-catalog/view/computer-science-new/,Yes,No,12,K
Contact Center Call Simulation (New),https://www.shl.com/solutions/products/product-catalog/view/contact-center-call-simulation-new/,Yes,No,15,S
Conversational Multichat Simulation,https://www.shl.com/solutions/products/product-catalog/view/conversational-multichat-simulation/,Yes,No,11,S
Core Java (Advanced Level) (New),https://www.shl.com/solutions/products/product-catalog/view/core-java-advanced-level-new/,Yes,No,13,K
Core Java (Entry Level) (New),https://www.shl.com/solutions/products/product-catalog/view/core-java-entry-level-new/,Yes,No,13,K
Count Out The Money,https://www.shl.com/solutions/products/product-catalog/view/count-out-the-money/,Yes,Yes,5,K S
CSS3 (New),https://www.shl.com/solutions/products/product-catalog/view/css3-new/,Yes,No,8,K
Culinary Skills (New),https://www.shl.com/solutions/products/product-catalog/view/culinary-skills-new/,Yes,No,7,K
Customer Service Phone Simulation,https://www.shl.com/solutions/products/product-catalog/view/customer-service-phone-simulation/,Yes,No,20,B S
Customer Service Phone Solution,https://www.shl.com/solutions/products/product-catalog/view/customer-service-phone-solution/,Yes,No,30,B P S
Cyber Risk (New),https://www.shl.com/solutions/products/product-catalog/view/cyber-risk-new/,Yes,No,9,K
Data Entry (New),https://www.shl.com/solutions/products/product-catalog/view/data-entry-new/,Yes,No,4,S
Data Entry Alphanumeric Split Screen - US,https://www.shl.com/solutions/products/product-catalog/view/data-entry-alphanumeric-split-screen-us/,Yes,No,5,K
Data Entry Numeric Split Screen - US,https://www.shl.com/solutions/products/product-catalog/view/data-entry-numeric-split-screen-us/,Yes,No,5,K
Data Entry Ten Key Split Screen,https://www.shl.com/solutions/products/product-catalog/view/data-entry-ten-key-split-screen/,Yes,No,3,K
Data Science (New),https://www.shl.com/solutions/products/product-catalog/view/data-science-new/,Yes,No,14,K
Data Warehousing Concepts,https://www.shl.com/solutions/products/product-catalog/view/data-warehousing-concepts/,Yes,Yes,25,K
Dependability and Safety Instrument (DSI),https://www.shl.com/solutions/products/product-catalog/view/dependability-and-safety-instrument-dsi/,Yes,No,10,P
Dermatology (New),https://www.shl.com/solutions/products/product-catalog/view/dermatology-new/,Yes,No,3,K
Desktop Support (New),https://www.shl.com/solutions/products/product-catalog/view/desktop-support-new/,Yes,No,8,K
Digital Advertising (New),https://www.shl.com/solutions/products/product-catalog/view/digital-advertising-new/,Yes,No,7,K
Digital Readiness Development Report - IC,https://www.shl.com/solutions/products/product-catalog/view/digital-readiness-development-report/,Yes,No,Not given,P
Digital Readiness Development Report - Manager,https://www.shl.com/solutions/products/product-catalog/view/digital-readiness-development-report-manager/,Yes,No,Not given,P
Docker (New),https://www.shl.com/solutions/products/product-catalog/view/docker-new/,Yes,No,10,K
Dojo (New),https://www.shl.com/solutions/products/product-catalog/view/dojo-new/,Yes,No,11,K
Drupal (New),https://www.shl.com/solutions/products/product-catalog/view/drupal-new/,Yes,No,17,K
DSI v1.1 Interpretation Report,https://www.shl.com/solutions/products/product-catalog/view/dsi-v1-1-interpretation-report/,Yes,No,Not given,P
Econometrics (New),https://www.shl.com/solutions/products/product-catalog/view/econometrics-new/,Yes,No,11,K
Economics (New),https://www.shl.com/solutions/products/product-catalog/view/economics-new/,Yes,No,13,K
Electrical and Electronics Engineering (New),https://www.shl.com/solutions/products/product-catalog/view/electrical-and-electronics-engineering-new/,Yes,No,14,K
Electrical Engineering (New),https://www.shl.com/solutions/products/product-catalog/view/electrical-engineering-new/,Yes,No,8,K
Electronics & Telecommunications Engineering (New),https://www.shl.com/solutions/products/product-catalog/view/electronics-and-telecommunications-engineering-new/,Yes,No,15,K
Electronics and Embedded Systems Engineering (New),https://www.shl.com/solutions/products/product-catalog/view/electronics-and-embedded-systems-engineering-new/,Yes,No,18,K
Electronics and Semiconductor Engineering (New),https://www.shl.com/solutions/products/product-catalog/view/electronics-and-semiconductor-engineering-new/,Yes,No,7,K
English Comprehension (New),https://www.shl.com/solutions/products/product-catalog/view/english-comprehension-new/,Yes,No,0,K
Enterprise Java Beans (New),https://www.shl.com/solutions/products/product-catalog/view/enterprise-java-beans-new/,Yes,No,4,K
Enterprise Leadership Report 1.0,https://www.shl.com/solutions/products/product-catalog/view/enterprise-leadership-report/,Yes,No,Not given,P
Enterprise Leadership Report 2.0,https://www.shl.com/solutions/products/product-catalog/view/enterprise-leadership-report-2-0/,Yes,No,Not given,P
Entry Level Cashier Solution,https://www.shl.com/solutions/products/product-catalog/view/entry-level-cashier-solution/,Yes,No,19,C P
Entry Level Customer Serv-Retail & Contact Center,https://www.shl.com/solutions/products/product-catalog/view/entry-level-customer-serv-retail-and-contact-center/,Yes,No,19,P C
Entry Level Customer Service (General) Solution,https://www.shl.com/solutions/products/product-catalog/view/entry-level-customer-service-general-solution/,Yes,No,14,C P
Entry Level Hotel Front Desk Solution,https://www.shl.com/solutions/products/product-catalog/view/entry-level-hotel-front-desk-solution/,Yes,No,20,C P
Entry Level Sales Solution,https://www.shl.com/solutions/products/product-catalog/view/entry-level-sales-solution/,Yes,No,20,C P
Entry Level Technical Support Solution,https://www.shl.com/solutions/products/product-catalog/view/entry-level-technical-support-solution/,Yes,No,18,P C
ETL Testing (New),https://www.shl.com/solutions/products/product-catalog/view/etl-testing-new/,Yes,No,9,K
Executive Scenarios,https://www.shl.com/solutions/products/product-catalog/view/executive-scenarios/,Yes,No,Untimed,B
Executive Scenarios Narrative Report,https://www.shl.com/solutions/products/product-catalog/view/executive-scenarios-narrative-report/,Yes,No,Not given,B
Financial Accounting (New),https://www.shl.com/solutions/products/product-catalog/view/financial-accounting-new/,Yes,No,9,B
Financial and Banking Services (New),https://www.shl.com/solutions/products/product-catalog/view/financial-and-banking-services-new/,Yes,No,9,K
Fire Engineering (New),https://www.shl.com/solutions/products/product-catalog/view/fire-engineering-new/,Yes,No,10,K
Following Instructions v1 - UK (R1),https://www.shl.com/solutions/products/product-catalog/view/following-instructions-v1-uk-r1/,Yes,No,8,K
Following Instructions v1 - US (R2),https://www.shl.com/solutions/products/product-catalog/view/following-instructions-v1-us-r2/,Yes,No,8,K
Food and Beverage Services (New),https://www.shl.com/solutions/products/product-catalog/view/food-and-beverage-services-new/,Yes,No,7,K
Food Science (New),https://www.shl.com/solutions/products/product-catalog/view/food-science-new/,Yes,No,6,K
Front Office Management (New),https://www.shl.com/solutions/products/product-catalog/view/front-office-management-new/,Yes,No,7,K
Executive Scenarios Profile Report,https://www.shl.com/solutions/products/product-catalog/view/executive-scenarios-profile-report/,Yes,No,Not given,K
ExpressJS (New),https://www.shl.com/solutions/products/product-catalog/view/expressjs-new/,Yes,No,7,K
Filing - Names (R1),https://www.shl.com/solutions/products/product-catalog/view/filing-names-r1/,Yes,No,3,K
Filing - Numbers,https://www.shl.com/solutions/products/product-catalog/view/filing-numbers/,Yes,No,3,K
Fundamentals of Chemistry (New),https://www.shl.com/solutions/products/product-catalog/view/fundamentals-of-chemistry-new/,Yes,No,8,K
Fundamentals of Physics (New),https://www.shl.com/solutions/products/product-catalog/view/fundamentals-of-physics-new/,Yes,No,8,K
General Diseases (New),https://www.shl.com/solutions/products/product-catalog/view/general-diseases-new/,Yes,No,5,K
Geoinformatics Engineering (New),https://www.shl.com/solutions/products/product-catalog/view/geoinformatics-engineering-new/,Yes,No,10,K
Geoscience Engineering (New),https://www.shl.com/solutions/products/product-catalog/view/geoscience-engineering-new/,Yes,No,8,K
GIT (New),https://www.shl.com/solutions/products/product-catalog/view/git-new/,Yes,No,13,K
Global Skills Assessment,https://www.shl.com/solutions/products/product-catalog/view/global-skills-assessment/,Yes,No,16,C K
Graduate Scenarios,https://www.shl.com/solutions/products/product-catalog/view/graduate-scenarios/,Yes,No,Untimed,B
Graduate Scenarios Narrative Report,https://www.shl.com/solutions/products/product-catalog/view/graduate-scenarios-narrative-report/,Yes,No,Not given,B
Graduate Scenarios Profile Report,https://www.shl.com/solutions/products/product-catalog/view/graduate-scenarios-profile-report/,Yes,No,Not given,B
Hibernate (New),https://www.shl.com/solutions/products/product-catalog/view/hibernate-new/,Yes,No,5,K
HIPAA (Security),https://www.shl.com/solutions/products/product-catalog/view/hipaa-security/,Yes,Yes,15 - 35,K
HiPo Assessment Report 1.0,https://www.shl.com/solutions/products/product-catalog/view/hipo-assessment-report-1-0/,Yes,No,Not given,C P
HiPo Assessment Report 2.0,https://www.shl.com/solutions/products/product-catalog/view/hipo-assessment-report-2-0/,Yes,No,Not given,C P
HiPo Unlocking Potential Report 2.0,https://www.shl.com/solutions/products/product-catalog/view/hipo-unlocking-potential-report-2-0/,Yes,No,Not given,C
Housekeeping (New),https://www.shl.com/solutions/products/product-catalog/view/housekeeping-new/,Yes,No,7,K
HTML/CSS (New),https://www.shl.com/solutions/products/product-catalog/view/htmlcss-new/,Yes,No,12,K
HTML5 (New),https://www.shl.com/solutions/products/product-catalog/view/html5-new/,Yes,No,11,K
Human Resources (New),https://www.shl.com/solutions/products/product-catalog/view/human-resources-new/,Yes,No,8,K
IBM DataStage (New),https://www.shl.com/solutions/products/product-catalog/view/ibm-datastage-new/,Yes,No,15,K
IBM Sterling Order Management System (New),https://www.shl.com/solutions/products/product-catalog/view/ibm-sterling-order-management-system-new/,Yes,No,13,K
Industrial Engineering (New),https://www.shl.com/solutions/products/product-catalog/view/industrial-engineering-new/,Yes,No,9,K
Informatica (Architecture) (New),https://www.shl.com/solutions/products/product-catalog/view/informatica-architecture-new/,Yes,No,10,K
Informatica (Developer) (New),https://www.shl.com/solutions/products/product-catalog/view/informatica-developer-new/,Yes,No,11,K
Instrumentation Engineering (New),https://www.shl.com/solutions/products/product-catalog/view/instrumentation-engineering-new/,Yes,No,12,K
Interpersonal Communications,https://www.shl.com/solutions/products/product-catalog/view/interpersonal-communications/,Yes,Yes,15 - 35,K
Interviewing and Hiring Concepts (U.S.),https://www.shl.com/solutions/products/product-catalog/view/interviewing-and-hiring-concepts-u-s/,Yes,Yes,15 - 35,K
iOS Development (New),https://www.shl.com/solutions/products/product-catalog/view/ios-development-new/,Yes,No,7,K
ITIL (IT Infrastructure Library) (New),https://www.shl.com/solutions/products/product-catalog/view/itil-it-infrastructure-library-new/,Yes,No,8,K
Java 2 Platform Enterprise Edition 1.4 Fundamental,https://www.shl.com/solutions/products/product-catalog/view/java-2-platform-enterprise-edition-1-4-fundamental/,Yes,Yes,30,K
Java 8 (New),https://www.shl.com/solutions/products/product-catalog/view/java-8-new/,Yes,No,18,K
Java Design Patterns (New),https://www.shl.com/solutions/products/product-catalog/view/java-design-patterns-new/,Yes,No,5,K
Java Frameworks (New),https://www.shl.com/solutions/products/product-catalog/view/java-frameworks-new/,Yes,No,17,K
Java Platform Enterprise Edition 7 (Java EE 7),https://www.shl.com/solutions/products/product-catalog/view/java-platform-enterprise-edition-7-java-ee-7/,Yes,Yes,30,K
Java Web Services (New),https://www.shl.com/solutions/products/product-catalog/view/java-web-services-new/,Yes,No,8,K
JavaScript (New),https://www.shl.com/solutions/products/product-catalog/view/javascript-new/,Yes,No,9,K
Jenkins (New),https://www.shl.com/solutions/products/product-catalog/view/jenkins-new/,Yes,No,6,K
Job Control Language (New),https://www.shl.com/solutions/products/product-catalog/view/job-control-language-new/,Yes,No,10,K
jQuery (New),https://www.shl.com/solutions/products/product-catalog/view/jquery-new/,Yes,No,10,K
Kubernetes (New),https://www.shl.com/solutions/products/product-catalog/view/kubernetes-new/,Yes,No,6,K
Linux Administration (New),https://www.shl.com/solutions/products/product-catalog/view/linux-administration-new/,Yes,No,10,K
Linux Operating System,https://www.shl.com/solutions/products/product-catalog/view/linux-operating-system/,Yes,No,15,K
Linux Programming (General),https://www.shl.com/solutions/products/product-catalog/view/linux-programming-general/,Yes,Yes,25,K
Load Runner (New),https://www.shl.com/solutions/products/product-catalog/view/load-runner-new/,Yes,No,6,K
Management Scenarios,https://www.shl.com/solutions/products/product-catalog/view/management-scenarios/,Yes,No,Untimed,B
Managerial Scenarios Candidate Report,https://www.shl.com/solutions/products/product-catalog/view/managerial-scenarios-candidate-report/,Yes,No,Not given,B
Managerial Scenarios Narrative Report,https://www.shl.com/solutions/products/product-catalog/view/managerial-scenarios-narrative-report/,Yes,No,Not given,B
Managerial Scenarios Profile Report,https://www.shl.com/solutions/products/product-catalog/view/managerial-scenarios-profile-report/,Yes,No,Not given,B
Manual Testing             (New),https://www.shl.com/solutions/products/product-catalog/view/manual-testing-new/,Yes,No,10,K
Manufac. & Indust. - Mechanical & Vigilance 8.0,https://www.shl.com/solutions/products/product-catalog/view/mechanical-and-vigilance-focus-8-0/,Yes,No,49,A P
Manufac. & Indust. - Safety & Dependability 8.0,https://www.shl.com/solutions/products/product-catalog/view/safety-and-dependability-focus-8-0/,Yes,No,16,P
Manufacturing & Industrial - Essential Focus 8.0,https://www.shl.com/solutions/products/product-catalog/view/essential-focus-8-0/,Yes,No,16,P
Manufacturing & Industrial - Mechanical Focus 8.0,https://www.shl.com/solutions/products/product-catalog/view/mechanical-focus-8-0/,Yes,No,31,A P
Manufacturing & Industrial - Vigilance Focus 8.0,https://www.shl.com/solutions/products/product-catalog/view/vigilance-focus-8-0/,Yes,No,34,A P
Marketing (New),https://www.shl.com/solutions/products/product-catalog/view/marketing-new/,Yes,No,9,K
Maven (New),https://www.shl.com/solutions/products/product-catalog/view/maven-new/,Yes,No,7,K
Mechanical Engineering (New),https://www.shl.com/solutions/products/product-catalog/view/mechanical-engineering-new/,Yes,No,7,K
Mechatronics Engineering (New),https://www.shl.com/solutions/products/product-catalog/view/mechatronics-engineering-new/,Yes,No,19,K
Medical Terminology (New),https://www.shl.com/solutions/products/product-catalog/view/medical-terminology-new/,Yes,No,3,K
Metallurgical Engineering (New),https://www.shl.com/solutions/products/product-catalog/view/metallurgical-engineering-new/,Yes,No,10,K
MFS 360 Enterprise Leadership Report,https://www.shl.com/solutions/products/product-catalog/view/mfs-360-enterprise-leadership-report/,Yes,No,Not given,D
MFS 360 UCF Group Report,https://www.shl.com/solutions/products/product-catalog/view/mfs-360-ucf-group-report/,Yes,No,Not given,D
MFS 360 UCF Performance Potential Dev Tips Report,https://www.shl.com/solutions/products/product-catalog/view/mfs-360-ucf-performance-potential-dev-tips-report/,Yes,No,Not given,D
MFS 360 UCF Standard Report,https://www.shl.com/solutions/products/product-catalog/view/mfs-360-ucf-standard-report/,Yes,No,Not given,D
Micro Focus Unified Functional Testing (New),https://www.shl.com/solutions/products/product-catalog/view/micro-focus-unified-functional-testing-new/,Yes,No,12,K
Microservices (New),https://www.shl.com/solutions/products/product-catalog/view/microservices-new/,Yes,No,7,K
Microsoft Dynamics Development (New),https://www.shl.com/solutions/products/product-catalog/view/microsoft-dynamics-development-new/,Yes,No,9,K
Microsoft Excel 365 - Essentials (New),https://www.shl.com/solutions/products/product-catalog/view/microsoft-excel-365-essentials-new/,Yes,No,30,K S
Microsoft Excel 365 (New),https://www.shl.com/solutions/products/product-catalog/view/microsoft-excel-365-new/,Yes,No,35,K S
Microsoft Outlook 2013 (adaptive),https://www.shl.com/solutions/products/product-catalog/view/microsoft-outlook-2013-adaptive/,Yes,Yes,25,K
Microsoft PowerPoint 365 - Essentials (New),https://www.shl.com/solutions/products/product-catalog/view/microsoft-powerpoint-365-essentials-new/,Yes,No,25,K S
Microsoft SQL Server 2014 Programming,https://www.shl.com/solutions/products/product-catalog/view/microsoft-sql-server-2014-programming/,Yes,Yes,35,K
Microsoft Windows Server 2012 Administration,https://www.shl.com/solutions/products/product-catalog/view/microsoft-windows-server-2012-administration/,Yes,Yes,35,K
Microsoft Word 365 - Essentials (New),https://www.shl.com/solutions/products/product-catalog/view/microsoft-word-365-essentials-new/,Yes,No,25,K S
Microsoft Word 365 (New),https://www.shl.com/solutions/products/product-catalog/view/microsoft-word-365-new/,Yes,No,35,S K
Mineral Engineering (New),https://www.shl.com/solutions/products/product-catalog/view/mineral-engineering-new/,Yes,No,12,K
Mining Engineering (New),https://www.shl.com/solutions/products/product-catalog/view/mining-engineering-new/,Yes,No,16,K
Mobility (New),https://www.shl.com/solutions/products/product-catalog/view/mobility-new/,Yes,No,9,K
Molecular Biology (New),https://www.shl.com/solutions/products/product-catalog/view/molecular-biology-new/,Yes,No,6,K
MongoDB (New),https://www.shl.com/solutions/products/product-catalog/view/mongodb-new/,Yes,No,7,K
Motivation Questionnaire MQM5,https://www.shl.com/solutions/products/product-catalog/view/motivation-questionnaire-mqm5/,Yes,No,"Untimed, approx 25",P
MQ Candidate Motivation Report,https://www.shl.com/solutions/products/product-catalog/view/mq-candidate-motivation-report/,Yes,No,Not given,P
MQ Employee Motivation Report,https://www.shl.com/solutions/products/product-catalog/view/mq-employee-motivation-report/,Yes,No,Not given,P
MQ Motivation Report Pack,https://www.shl.com/solutions/products/product-catalog/view/mq-motivation-report-pack/,Yes,No,Not given,P
MQ Profile,https://www.shl.com/solutions/products/product-catalog/view/mq-profile/,Yes,No,Not given,P
MS Access (New),https://www.shl.com/solutions/products/product-catalog/view/ms-access-new/,Yes,No,7,K
MS Excel (New),https://www.shl.com/solutions/products/product-catalog/view/ms-excel-new/,Yes,No,6,K
MS Office Basic Computer Literacy (New),https://www.shl.com/solutions/products/product-catalog/view/ms-office-basic-computer-literacy-new/,Yes,No,7,K
MS Office Basic Computer Literacy (Sim) (New),https://www.shl.com/solutions/products/product-catalog/view/ms-office-basic-computer-literacy-sim-new/,Yes,No,5,S
MS PowerPoint (New),https://www.shl.com/solutions/products/product-catalog/view/ms-powerpoint-new/,Yes,No,4,K
MS Word (New),https://www.shl.com/solutions/products/product-catalog/view/ms-word-new/,Yes,No,4,K
MuleSoft Development (New),https://www.shl.com/solutions/products/product-catalog/view/mulesoft-development-new/,Yes,No,17,K
Multitasking Ability,https://www.shl.com/solutions/products/product-catalog/view/multitasking-ability/,Yes,No,20,A K S
Networking and Implementation (New),https://www.shl.com/solutions/products/product-catalog/view/networking-and-implementation-new/,Yes,No,7,K
Node.js (New),https://www.shl.com/solutions/products/product-catalog/view/node-js-new/,Yes,No,9,K
Nursing (New),https://www.shl.com/solutions/products/product-catalog/view/nursing-new/,Yes,No,11,K
Occupational Personality Questionnaire OPQ32r,https://www.shl.com/solutions/products/product-catalog/view/occupational-personality-questionnaire-opq32r/,Yes,No,25,P
Operations Management (New),https://www.shl.com/solutions/products/product-catalog/view/operations-management-new/,Yes,No,7,K
OPQ Candidate Plus Report,https://www.shl.com/solutions/products/product-catalog/view/opq-candidate-plus-report/,Yes,No,Not given,P
OPQ Candidate Report 2.0,https://www.shl.com/solutions/products/product-catalog/view/opq-candidate-report-2-0/,Yes,No,Not given,P
OPQ Emotional Intelligence Report,https://www.shl.com/solutions/products/product-catalog/view/opq-emotional-intelligence-report/,Yes,No,Not given,P
OPQ Leadership Report,https://www.shl.com/solutions/products/product-catalog/view/opq-leadership-report/,Yes,No,Not given,P
OPQ Manager Plus Report,https://www.shl.com/solutions/products/product-catalog/view/opq-manager-plus-report/,Yes,No,Not given,P
OPQ Manager Plus Report 2.0,https://www.shl.com/solutions/products/product-catalog/view/opq-manager-plus-report-2-0/,Yes,No,Not given,P
OPQ Maximising your Learning Report,https://www.shl.com/solutions/products/product-catalog/view/opq-maximising-your-learning-report/,Yes,No,Not given,P
OPQ MQ Sales Report,https://www.shl.com/solutions/products/product-catalog/view/opq-mq-sales-report/,Yes,No,Not given,P
OPQ Premium Plus Report,https://www.shl.com/solutions/products/product-catalog/view/opq-premium-plus-report/,Yes,No,Not given,P
OPQ Premium Plus Report 2.0,https://www.shl.com/solutions/products/product-catalog/view/opq-premium-plus-report-2-0/,Yes,No,Not given,P
OPQ Profile Report,https://www.shl.com/solutions/products/product-catalog/view/opq-profile-report/,Yes,No,Not given,P
OPQ Team Impact Group Development Report,https://www.shl.com/solutions/products/product-catalog/view/opq-team-impact-group-development-report/,Yes,No,Not given,P
OPQ Team Impact Individual Development Report,https://www.shl.com/solutions/products/product-catalog/view/opq-team-impact-individual-development-report/,Yes,No,Not given,P
OPQ Team Impact Selection Report,https://www.shl.com/solutions/products/product-catalog/view/opq-team-impact-selection-report/,Yes,No,Not given,P
OPQ Team Types & Leadership Styles Profile,https://www.shl.com/solutions/products/product-catalog/view/opq-team-types-and-leadership-styles-profile/,Yes,No,Not given,P
OPQ Team Types and Leadership Styles Report,https://www.shl.com/solutions/products/product-catalog/view/opq-team-types-and-leadership-styles-report/,Yes,No,Not given,P
OPQ UCF Development Action Planner Report 1.0,https://www.shl.com/solutions/products/product-catalog/view/opq-ucf-development-action-planner-report/,Yes,No,Not given,P
OPQ UCF Development Action Planner Report 2.0,https://www.shl.com/solutions/products/product-catalog/view/opq-ucf-development-action-planner-report-2-0/,Yes,No,Not given,P
OPQ Universal Competency Report 1.0,https://www.shl.com/solutions/products/product-catalog/view/opq-universal-competency-report/,Yes,No,Not given,P
OPQ Universal Competency Report 2.0,https://www.shl.com/solutions/products/product-catalog/view/opq-universal-competency-report-2-0/,Yes,No,Not given,P
OPQ User and Managers Report,https://www.shl.com/solutions/products/product-catalog/view/opq-user-and-managers-report/,Yes,No,Not given,P
OPQ User Report,https://www.shl.com/solutions/products/product-catalog/view/opq-user-report/,Yes,No,Not given,P S
Oracle DBA (Advanced Level) (New),https://www.shl.com/solutions/products/product-catalog/view/oracle-dba-advanced-level-new/,Yes,No,12,K
Oracle DBA (Entry Level) (New),https://www.shl.com/solutions/products/product-catalog/view/oracle-dba-entry-level-new/,Yes,No,12,K
Oracle PL/SQL (New),https://www.shl.com/solutions/products/product-catalog/view/oracle-plsql-new/,Yes,No,11,K
Oracle WebLogic Server (New),https://www.shl.com/solutions/products/product-catalog/view/oracle-weblogic-server-new/,Yes,No,7,K
Organic Chemistry (New),https://www.shl.com/solutions/products/product-catalog/view/organic-chemistry-new/,Yes,No,10,K
Paint Technology (New),https://www.shl.com/solutions/products/product-catalog/view/paint-technology-new/,Yes,No,7,K
Pediatrics (New),https://www.shl.com/solutions/products/product-catalog/view/pediatrics-new/,Yes,No,5,K
Pega Development (New),https://www.shl.com/solutions/products/product-catalog/view/pega-development-new/,Yes,No,17,K
Perl (New),https://www.shl.com/solutions/products/product-catalog/view/perl-new/,Yes,No,9,K
Petrochemical Engineering (New),https://www.shl.com/solutions/products/product-catalog/view/petrochemical-engineering-new/,Yes,No,7,K
Petroleum Engineering (New),https://www.shl.com/solutions/products/product-catalog/view/petroleum-engineering-new/,Yes,No,10,K
Pharmaceutical Analysis (New),https://www.shl.com/solutions/products/product-catalog/view/pharmaceutical-analysis-new/,Yes,No,12,K
Written English v1,https://www.shl.com/solutions/products/product-catalog/view/written-english-v1/,Yes,Yes,30,K
Written Spanish,https://www.shl.com/solutions/products/product-catalog/view/written-english-v1/,Yes,Yes,22,K
Zabbix (New),https://www.shl.com/solutions/products/product-catalog/view/zabbix-new/,Yes,No,9,K
360 Digital Report,https://www.shl.com/solutions/products/product-catalog/view/360-digital-report/,Yes,No,Not Given,D
360 Multi-Rater feedback System (MFS),https://www.shl.com/solutions/products/product-catalog/view/360-multi-rater-feedback-system-mfs/,Yes,No,Untimed,D P
Verify Interactive Process Monitoring,https://www.shl.com/solutions/products/product-catalog/view/verify-interactive-process-monitoring/,Yes,No,18,A
Virtual Assessment And Development Centers,https://www.shl.com/solutions/products/product-catalog/view/virtual-assessment-and-development-centers/,Yes,No,Not Given,P
Visual Basic for Applications (New),https://www.shl.com/solutions/products/product-catalog/view/visual-basic-for-applications-new/,Yes,No,7,K
Visual Comparison - UK,https://www.shl.com/solutions/products/product-catalog/view/visual-comparison-uk/,Yes,No,5,K
Visual Comparison - US,https://www.shl.com/solutions/products/product-catalog/view/visual-comparison-us/,Yes,No,5,K
VLSI and Embedded Systems (New),https://www.shl.com/solutions/products/product-catalog/view/vlsi-and-embedded-systems-new/,Yes,No,9,K
What Is The Value - US,https://www.shl.com/solutions/products/product-catalog/view/what-is-the-value-us/,Yes,Yes,5,K
Workplace Administration Skills (New),https://www.shl.com/solutions/products/product-catalog/view/workplace-administration-skills-new/,Yes,No,12,K
Workplace Health and Safety (New),https://www.shl.com/solutions/products/product-catalog/view/workplace-health-and-safety-new/,Yes,No,9,K
Writex - Email Writing (Customer Service) (New),https://www.shl.com/solutions/products/product-catalog/view/writex-email-writing-customer-service-new/,Yes,No,15,S
Writex - Email writing (Managerial) (New),https://www.shl.com/solutions/products/product-catalog/view/writex-email-writing-managerial-new/,Yes,No,15,S
Writex - Email writing (Sales) (New),https://www.shl.com/solutions/products/product-catalog/view/writex-email-writing-sales-new/,Yes,No,15,B S
Verify - G+,https://www.shl.com/solutions/products/product-catalog/view/verify-g/,Yes,Yes,36,A
Verify - General Ability Screen,https://www.shl.com/solutions/products/product-catalog/view/verify-general-ability-screen/,Yes,Yes,10,A
Verify - Inductive Reasoning (2014),https://www.shl.com/solutions/products/product-catalog/view/verify-inductive-reasoning-2014/,Yes,Yes,24,A
Verify - Numerical Ability,https://www.shl.com/solutions/products/product-catalog/view/verify-numerical-ability/,Yes,Yes,20,A
Verify - Technical Checking - Next Generation,https://www.shl.com/solutions/products/product-catalog/view/verify-technical-checking-next-generation/,Yes,No,5,A
Verify - Working with Information,https://www.shl.com/solutions/products/product-catalog/view/verify-working-with-information/,Yes,Yes,10,A
Verify G+ - Ability Test Report,https://www.shl.com/solutions/products/product-catalog/view/verify-g-ability-test-report/,Yes,No,Not Given,A
Verify G+ - Candidate Report,https://www.shl.com/solutions/products/product-catalog/view/verify-g-candidate-report/,Yes,No,Not Given,A
Verify Interactive Ability Report,https://www.shl.com/solutions/products/product-catalog/view/verify-interactive-ability-report/,Yes,No,Not Given,A
Verify Interactive G+ Candidate Report,https://www.shl.com/solutions/products/product-catalog/view/verify-interactive-g-candidate-report/,Yes,No,Not Given,A
Verify Interactive G+ Report,https://www.shl.com/solutions/products/product-catalog/view/verify-interactive-g-report/,Yes,No,Not Given,A
Teradata Development (New),https://www.shl.com/solutions/products/product-catalog/view/teradata-development-new/,Yes,No,9,K
Time Management (U.S.),https://www.shl.com/solutions/products/product-catalog/view/time-management-u-s/,Yes,Yes,15 - 35,K
Training Development,https://www.shl.com/solutions/products/product-catalog/view/training-development/,Yes,Yes,15 - 35,K
TYPING (New),https://www.shl.com/solutions/products/product-catalog/view/typing-new/,Yes,No,2,S
UiPath RPA Development (New),https://www.shl.com/solutions/products/product-catalog/view/uipath-rpa-development-new/,Yes,No,8,K
Universal Competency Framework Interview Guide,https://www.shl.com/solutions/products/product-catalog/view/universal-competency-framework-interview-guide/,Yes,No,Not Given,C P
Universal Competency Framework Job profiling guide,https://www.shl.com/solutions/products/product-catalog/view/universal-competency-framework-job-profiling-guide/,Yes,No,Untimed,C P
Universal Competency Framework Profiler Cards (44),https://www.shl.com/solutions/products/product-catalog/view/universal-competency-framework-profiler-cards-44/,Yes,No,Untimed,C P
UNIX (New),https://www.shl.com/solutions/products/product-catalog/view/unix-new/,Yes,No,9,K
VB.NET (New),https://www.shl.com/solutions/products/product-catalog/view/vb-net-new/,Yes,No,10,K
Verify - Deductive Reasoning,https://www.shl.com/solutions/products/product-catalog/view/verify-deductive-reasoning/,Yes,Yes,20,A
Verify - Following Instructions,https://www.shl.com/solutions/products/product-catalog/view/verify-following-instructions/,Yes,No,8,A
Struts (New),https://www.shl.com/solutions/products/product-catalog/view/struts-new/,Yes,No,5,K
SVAR - Spoken English (AUS),https://www.shl.com/solutions/products/product-catalog/view/svar-spoken-english-aus/,Yes,No,Not Given,S
SVAR - Spoken English (Indian Accent) (NEW),https://www.shl.com/solutions/products/product-catalog/view/svar-spoken-english-indian-accent-new/,Yes,No,Not Given,S
SVAR - Spoken English (U.K.),https://www.shl.com/solutions/products/product-catalog/view/svar-spoken-english-u-k/,Yes,No,Not Given,S
SVAR - Spoken English (US) (New),https://www.shl.com/solutions/products/product-catalog/view/svar-spoken-english-us-new/,Yes,No,Not Given,S
SVAR - Spoken French (Canadian) (New),https://www.shl.com/solutions/products/product-catalog/view/svar-spoken-french-canadian-new/,Yes,No,Not Given,S
SVAR - Spoken French (European) (New),https://www.shl.com/solutions/products/product-catalog/view/svar-spoken-french-european-new/,Yes,No,Not Given,S
SVAR - Spoken Spanish (Castilian) (New),https://www.shl.com/solutions/products/product-catalog/view/svar-spoken-spanish-castilian-new/,Yes,No,Not Given,S
SVAR - Spoken Spanish (North American) (New),https://www.shl.com/solutions/products/product-catalog/view/svar-spoken-spanish-north-american-new/,Yes,No,Not Given,S
Swing (New),https://www.shl.com/solutions/products/product-catalog/view/swing-new/,Yes,No,4,K
Tableau (New),https://www.shl.com/solutions/products/product-catalog/view/tableau-new/,Yes,No,8,K
Telecommunications Engineering (New),https://www.shl.com/solutions/products/product-catalog/view/telecommunications-engineering-new/,Yes,No,7,K
Social Media (New),https://www.shl.com/solutions/products/product-catalog/view/social-media-new/,Yes,No,10,K
Software Business Analysis,https://www.shl.com/solutions/products/product-catalog/view/software-business-analysis/,Yes,Yes,30,K
SonarQube (New),https://www.shl.com/solutions/products/product-catalog/view/sonarqube-new/,Yes,No,TBC,K
Spelling (U.S.) (New),https://www.shl.com/solutions/products/product-catalog/view/spelling-u-s-new/,Yes,No,0,K
Split Screen Typing Test - Form 1,https://www.shl.com/solutions/products/product-catalog/view/split-screen-typing-test-form-1/,Yes,No,6,A K
Spring (New),https://www.shl.com/solutions/products/product-catalog/view/spring-new/,Yes,No,9,K
SQL (New),https://www.shl.com/solutions/products/product-catalog/view/sql-new/,Yes,No,9,K
SQL Server (New),https://www.shl.com/solutions/products/product-catalog/view/sql-server-new/,Yes,No,11,K
SQL Server Analysis Services (SSAS) (New),https://www.shl.com/solutions/products/product-catalog/view/sql-server-analysis-services-%28ssas%29-%28new%29/,Yes,No,15,K
SQL Server Integration Services (SSIS) (New),https://www.shl.com/solutions/products/product-catalog/view/sql-server-integration-services-ssis-new/,Yes,No,10,K
SQL Server Reporting Services (SSRS) (New),https://www.shl.com/solutions/products/product-catalog/view/sql-server-reporting-services-ssrs-new/,Yes,No,10,K
Statistical Analysis System (New),https://www.shl.com/solutions/products/product-catalog/view/statistical-analysis-system-new/,Yes,No,11,K
Search Engine Optimization (New),https://www.shl.com/solutions/products/product-catalog/view/search-engine-optimization-new/,Yes,No,12,K
Selenium (New),https://www.shl.com/solutions/products/product-catalog/view/selenium-new/,Yes,No,10,K
,https://www.shl.com/solutions/products/product-catalog/view/shell-scripting-new/,Yes,No,10,K
SHL Verify Interactive - Inductive Reasoning,https://www.shl.com/solutions/products/product-catalog/view/shl-verify-interactive-inductive-reasoning/,Yes,Yes,20,A S
SHL Verify Interactive - Deductive Reasoning,https://www.shl.com/solutions/products/product-catalog/view/shl-verify-interactive-deductive-reasoning/,Yes,Yes,20,A S
SHL Verify Interactive - Numerical Reasoning,https://www.shl.com/solutions/products/product-catalog/view/shl-verify-interactive-numerical-reasoning/,Yes,Yes,20,A S
SHL Verify Interactive G+,https://www.shl.com/solutions/products/product-catalog/view/shl-verify-interactive-g/,Yes,Yes,36,A
SHL Verify Interactive - Numerical Calculation,https://www.shl.com/solutions/products/product-catalog/view/shl-verify-interactive-numerical-calculation/,Yes,Yes,10,A
Siebel Development (New),https://www.shl.com/solutions/products/product-catalog/view/siebel-development-new/,Yes,No,8,K
Smart Interview Live,https://www.shl.com/solutions/products/product-catalog/view/smart-interview-live/,Yes,No,Variable,P
Smart Interview Live Coding,https://www.shl.com/solutions/products/product-catalog/view/smart-interview-live-coding/,Yes,No,Variable,K
Smart Interview On Demand,https://www.shl.com/solutions/products/product-catalog/view/smart-interview-on-demand/,Yes,No,Variable,P
Sales Transformation Report 1.0 - Sales Manager,https://www.shl.com/solutions/products/product-catalog/view/sales-transformation-report-sales-manager/,Yes,No,Not Given,P
Sales Transformation Report 2.0 - Sales Manager,https://www.shl.com/solutions/products/product-catalog/view/sales-transformation-report-2-0-sales-manager/,Yes,No,Not Given,P
Salesforce Development (New),https://www.shl.com/solutions/products/product-catalog/view/salesforce-development-new/,Yes,No,15,K
SAP ABAP (Advanced Level) (New),https://www.shl.com/solutions/products/product-catalog/view/sap-abap-advanced-level-new/,Yes,No,12,K
SAP ABAP (Intermediate Level) (New),https://www.shl.com/solutions/products/product-catalog/view/sap-abap-intermediate-level-new/,Yes,No,9,K
SAP Basis (New),https://www.shl.com/solutions/products/product-catalog/view/sap-basis-new/,Yes,No,9,K
SAP Business Objects WebI (New),https://www.shl.com/solutions/products/product-catalog/view/sap-business-objects-webi-new/,Yes,No,10,K
SAP BW (Business Warehouse) (New),https://www.shl.com/solutions/products/product-catalog/view/sap-bw-business-warehouse-new/,Yes,No,9,K
Sap HCM (Human Capital Management) (New),https://www.shl.com/solutions/products/product-catalog/view/sap-hcm-human-capital-management-new/,Yes,No,TBC,K
SAP Hybris (New),https://www.shl.com/solutions/products/product-catalog/view/sap-hybris-new/,Yes,No,20,K
SAP Materials Management (New),https://www.shl.com/solutions/products/product-catalog/view/sap-materials-management-new/,Yes,No,10,K
SAP SD (Sales and Distribution) (New),https://www.shl.com/solutions/products/product-catalog/view/sap-sd-sales-and-distribution-new/,Yes,No,8,K
RemoteWorkQ Participant Report,https://www.shl.com/solutions/products/product-catalog/view/remoteworkq-participant-report/,Yes,No,Not Given,C
RESTful Web Services (New),https://www.shl.com/solutions/products/product-catalog/view/restful-web-services-new/,Yes,No,12,K
Retail Sales And Service Simulation,https://www.shl.com/solutions/products/product-catalog/view/retail-sales-and-service-simulation/,Yes,No,30,B K S A
Reviewing Forms - US (R1),https://www.shl.com/solutions/products/product-catalog/view/reviewing-forms-us-r1/,Yes,No,5,K
Ruby (New),https://www.shl.com/solutions/products/product-catalog/view/ruby-new/,Yes,No,11,K
Ruby on Rails (New),https://www.shl.com/solutions/products/product-catalog/view/ruby-on-rails-new/,Yes,No,11,K
Sales & Service Phone Simulation,https://www.shl.com/solutions/products/product-catalog/view/sales-and-service-phone-simulation/,Yes,No,20,S B
Sales & Service Phone Solution,https://www.shl.com/solutions/products/product-catalog/view/sales-and-service-phone-solution/,Yes,No,35,B P S
Sales Interview Guide,https://www.shl.com/solutions/products/product-catalog/view/sales-interview-guide/,Yes,No,Untimed,P P
Sales Profiler Cards,https://www.shl.com/solutions/products/product-catalog/view/sales-profiler-cards/,Yes,No,Untimed,P
Sales Transformation 1.0 - Individual Contributor,https://www.shl.com/solutions/products/product-catalog/view/sales-transformation-report-individual-contributor/,Yes,No,Not Given,P
Sales Transformation 2.0 - Individual Contributor,https://www.shl.com/solutions/products/product-catalog/view/salestransformationreport2-0-individualcontributor/,Yes,No,Not Given,P
Production Engineering (New),https://www.shl.com/solutions/products/product-catalog/view/production-engineering-new/,Yes,No,10,K
Programming Concepts,https://www.shl.com/solutions/products/product-catalog/view/programming-concepts/,Yes,Yes,25,K
Project Management (2013),https://www.shl.com/solutions/products/product-catalog/view/project-management-2013/,Yes,Yes,30,K
Proofreading v1,https://www.shl.com/solutions/products/product-catalog/view/proofreading-v1/,Yes,No,6,K
Python (New),https://www.shl.com/solutions/products/product-catalog/view/python-new/,Yes,No,11,K
R Programming (New),https://www.shl.com/solutions/products/product-catalog/view/r-programming-new/,Yes,No,13,K
ReactJS (New),https://www.shl.com/solutions/products/product-catalog/view/reactjs-new/,Yes,No,10,K
Reading Comprehension - English v1,https://www.shl.com/solutions/products/product-catalog/view/reading-comprehension-english-v1/,Yes,Yes,35,A
Reading Comprehension - Spanish v1,https://www.shl.com/solutions/products/product-catalog/view/reading-comprehension-spanish-v1/,Yes,Yes,26,A
Reading Comprehension v2,https://www.shl.com/solutions/products/product-catalog/view/reading-comprehension-v2/,Yes,Yes,35,A
RemoteWorkQ,https://www.shl.com/solutions/products/product-catalog/view/remoteworkq/,Yes,No,10,C
RemoteWorkQ Manager Report,https://www.shl.com/solutions/products/product-catalog/view/remoteworkq-manager-report/,Yes,No,Not Given,C
